-- team table
-- anaheim_ducks
INSERT INTO team
(
    id,
    name,
    location,
    division,
    conference
)
VALUES
(
    1,
    'Anaheim Ducks',
    'Anaheim',
    'Pacific',
    'Western'
);

-- arizona_coyotes
INSERT INTO team (
    id,
    name,
    location,
    division,
    conference
) VALUES (
    2,
    'Arizona Coyotes',
    'Glendale',
    'Pacific',
    'Western'
);

-- boston_bruins
INSERT INTO team (
    id,
    name,
    location,
    division,
    conference
) VALUES (
    3,
    'Boston Bruins',
    'Boston',
    'Atlantic',
    'Eastern'
);

-- buffalo_sabres
INSERT INTO team (
    id,
    name,
    location,
    division,
    conference
) VALUES (
    4,
    'Buffalo Sabres',
    'Buffalo',
    'Atlantic',
    'Eastern'
);

-- calgary_flames
INSERT INTO team
(
    id,
    name,
    location,
    division,
    conference
)
VALUES
(
    5,
    'Calgary Flames',
    'Calgary',
    'Pacific',
    'Western'
);

-- carolina hurricanes
INSERT INTO team
(
    id,
    name,
    location,
    division,
    conference
)
VALUES
(
    6,
    'Carolina Hurricanes',
    'Raleigh',
    'Metropolitan',
    'Eastern'
);

-- chicago blackhawks
INSERT INTO team
(
    id,
    name,
    location,
    division,
    conference
)
VALUES
(
    7,
    'Chicago Blackhawks',
    'Chicago',
    'Central',
    'Western'
);

-- Inserts details of Colorado Avalanche
INSERT INTO team
(
    id,
    name,
    location,
    division,
    conference
)
VALUES
(
    8,
    'Colorado Avalanche',
    'Denver',
    'Central',
    'Western'
);

-- columbus_blue_jackets
INSERT INTO team
(
    id,
    name,
    location,
    division,
    conference
)
VALUES
(
    9,
    'Columbus Blue Jackets',
    'Columbus',
    'Metropolitan',
    'Eastern'
);

-- dallas_stars
INSERT INTO team
(
    id,
    name,
    location,
    division,
    conference
)
VALUES
(
    10,
    'Dallas Stars',
    'Dallas',
    'Central',
    'Western'
);

-- detroit_red_wings
INSERT INTO team
(
    id,
    name,
    location,
    division,
    conference
)
VALUES
(
    11,
    'Detroit Red Wings',
    'Detroit',
    'Atlantic',
    'Eastern'
);

-- edmonton_oilers
INSERT INTO team
(
    id,
    name,
    location,
    division,
    conference
)
VALUES
(
    12,
    'Edmonton Oilers',
    'Edmonton',
    'Pacific',
    'Western'
);

-- florida_panthers
INSERT INTO team
(
    id,
    name,
    location,
    division,
    conference
)
VALUES
(
    13,
    'Florida Panthers',
    'Sunrise',
    'Atlantic',
    'Eastern'
);

-- los_angeles_kings
INSERT INTO team
(
    id,
    name,
    location,
    division,
    conference
)
VALUES
(
    14,
    'Los Angeles Kings',
    'Los Angeles',
    'Pacific',
    'Western'
);

-- minnesota_wild
INSERT INTO team
(
    id,
    name,
    location,
    division,
    conference
)
VALUES
(
    15,
    'Minnesota Wild',
    'Saint Paul',
    'Central',
    'Western'
);

-- montreal_canadiens
INSERT INTO team
(
    id,
    name,
    location,
    division,
    conference
)
VALUES
(
    16,
    'Montreal Canadiens',
    'Montreal',
    'Atlantic',
    'Eastern'
);

-- nashville_predators
INSERT INTO team
(
    id,
    name,
    location,
    division,
    conference
)
VALUES
(
    17,
    'Nashville Predators',
    'Nashville',
    'Central',
    'Western'
);

-- new_jersey_devils
INSERT INTO team
(
    id,
    name,
    location,
    division,
    conference
)
VALUES
(
    18,
    'New Jersey Devils',
    'Newark',
    'Metropolitan',
    'Eastern'
);


-- new_york_islanders
INSERT INTO team
(
    id,
    name,
    location,
    division,
    conference
)
VALUES
(
    19,
    'New York Islanders',
    'New York City',
    'Metropolitan',
    'Eastern'
);

-- new_york_rangers
INSERT INTO team
(
    id,
    name,
    location,
    division,
    conference
)
VALUES
(
    20,
    'New York Rangers',
    'New York City',
    'Metropolitan',
    'Eastern'
);

-- ottawa_senators
INSERT INTO team
(
    id,
    name,
    location,
    division,
    conference
)
VALUES
(
    21,
    'Ottawa Senators',
    'Ottawa',
    'Atlantic',
    'Eastern'
);

-- philadelphia_flyers
INSERT INTO team
(
    id,
    name,
    location,
    division,
    conference
)
VALUES
(
    22,
    'Philadelphia Flyers',
    'Philadelphia',
    'Metropolitan',
    'Eastern'
);

-- pittsburgh_penguins
INSERT INTO team
(
    id,
    name,
    location,
    division,
    conference
)
VALUES
(
    23,
    'Pittsburgh Penguins',
    'Pittsburgh',
    'Metropolitan',
    'Eastern'
);

-- san_jose_sharks
INSERT INTO team
(
    id,
    name,
    location,
    division,
    conference
)
VALUES
(
    24,
    'San Jose Sharks',
    'San Jose',
    'Pacific',
    'Western'
);

-- seattle_kraken
INSERT INTO team
(
    id,
    name,
    location,
    division,
    conference
)
VALUES
(
    25,
    'Seattle Kraken',
    'Seattle',
    'Pacific',
    'Western'
);

-- st_louis_blues
INSERT INTO team
(
    id,
    name,
    location,
    division,
    conference
)
VALUES
(
    26,
    'St. Louis Blues',
    'St. Louis',
    'Central',
    'Western'
);

-- tampa_bay_lightning
INSERT INTO team
(
    id,
    name,
    location,
    division,
    conference
)
VALUES
(
    27,
    'Tampa Bay Lightning',
    'Tampa',
    'Atlantic',
    'Eastern'
);


-- toronto_maple_leafs
INSERT INTO team
(
    id,
    name,
    location,
    division,
    conference
)
VALUES
(
    28,
    'Toronto Maple Leafs',
    'Toronto',
    'Atlantic',
    'Eastern'
);


-- vancouver_canucks
INSERT INTO team
(
    id,
    name,
    location,
    division,
    conference
)
VALUES
(
    29,
    'Vancouver Canucks',
    'Vancouver',
    'Pacific',
    'Western'
);

-- vegas_golden_knights
INSERT INTO team
(
    id,
    name,
    location,
    division,
    conference
)
VALUES
(
    30,
    'Vegas Golden Knights',
    'Paradise',
    'Pacific',
    'Western'
);

-- washington_capitals
INSERT INTO team
(
    id,
    name,
    location,
    division,
    conference
)
VALUES
(
    31,
    'Washington Capitals',
    'Washington D.C.',
    'Metropolitan',
    'Eastern'
);

-- winnipeg_jets
INSERT INTO team
(
    id,
    name,
    location,
    division,
    conference
)
VALUES
(
    32,
    'Winnipeg Jets',
    'Winnipeg',
    'Central',
    'Western'
);

-- champion table
-- Colorado Avalanche (2001)
INSERT INTO champion
(
    id,
    season,
    team_id
)
VALUES
(
    2001,
    '2001',
    8
);

-- Detroit Red Wings (2002)
INSERT INTO champion
(
    id,
    season,
    team_id
)
VALUES
(
    2002,
    '2002',
    11
);

-- New Jersey Devils (2003)
INSERT INTO champion
(
    id,
    season,
    team_id
)
VALUES
(
    2003,
    '2003',
    18
);


-- 2004
INSERT INTO champion
(
    id,
    season,
    team_id
)
VALUES
(
    2004,
    '2004',
    27
);

-- 2006
INSERT INTO champion
(
    id,
    season,
    team_id
)
VALUES
(
    2006,
    '2006',
    6
);

-- 2007
INSERT INTO champion
(
    id,
    season,
    team_id
)
VALUES
(
    2007,
    '2007',
    1
);

-- 2008
INSERT INTO champion
(
    id,
    season,
    team_id
)
VALUES
(
    2008,
    '2008',
    11
);

-- 2009
INSERT INTO champion
(
    id,
    season,
    team_id
)
VALUES
(
    2009,
    '2009',
    23
);

-- 2010
INSERT INTO champion
(
    id,
    season,
    team_id
)
VALUES
(
    2010,
    '2010',
    7
);

-- 2011
INSERT INTO champion
(
    id,
    season,
    team_id
)
VALUES
(
    2011,
    '2011',
    3
);

-- 2012
INSERT INTO champion
(
    id,
    season,
    team_id
)
VALUES
(
    2012,
    '2012',
    14
);

-- 2013
INSERT INTO champion
(
    id,
    season,
    team_id
)
VALUES
(
    2013,
    '2013',
    7
);

-- 2014
INSERT INTO champion
(
    id,
    season,
    team_id
)
VALUES
(
    2014,
    '2014',
    14
);

-- 2015
INSERT INTO champion
(
    id,
    season,
    team_id
)
VALUES
(
    2015,
    '2015',
    7
);

-- 2016
INSERT INTO champion
(
    id,
    season,
    team_id
)
VALUES
(
    2016,
    '2016',
    23
);

-- 2017
INSERT INTO champion
(
    id,
    season,
    team_id
)
VALUES
(
    2017,
    '2017',
    23
);

-- 2018
INSERT INTO champion
(
    id,
    season,
    team_id
)
VALUES
(
    2018,
    '2018',
    31
);

-- 2019
INSERT INTO champion
(
    id,
    season,
    team_id
)
VALUES
(
    2019,
    '2019',
    26
);

-- 2020
INSERT INTO champion
(
    id,
    season,
    team_id
)
VALUES
(
    2020,
    '2020',
    27
);

-- 2021
INSERT INTO champion
(
    id,
    season,
    team_id
)
VALUES
(
    2021,
    '2021',
    27
);

-- 2022
INSERT INTO champion
(
    id,
    season,
    team_id
)
VALUES
(
    2022,
    '2022',
    8
);

-- 2023
INSERT INTO champion
(
    id,
    season,
    team_id
)
VALUES
(
    2023,
    '2023',
    30
);

--arena table
-- Anaheim Ducks
INSERT INTO arena
(
    id,
    team_id
)
VALUES
(
    1,
    1
);

-- Arizona Coyotes
INSERT INTO arena
(
    id,
    team_id
)
VALUES
(
    2,
    2
);

-- Boston Bruins
INSERT INTO arena
(
    id,
    team_id
)
VALUES
(
    3,
    3
);

-- Buffalo Sabres
INSERT INTO arena
(
    id,
    team_id
)
VALUES
(
    4,
    4
);

-- Calgary Flames
INSERT INTO arena
(
    id,
    team_id
)
VALUES
(
    5,
    5
);

-- Carolina Hurricanes
INSERT INTO arena
(
    id,
    name,
    team_id
)
VALUES
(
    6,
    'PNC Arena',
    6
);

-- Chicago Blackhawks
INSERT INTO arena
(
    id,
    name,
    team_id
)
VALUES
(
    7,
    'United Center',
    7
);

-- Colorado Avalanche
INSERT INTO arena
(
    id,
    team_id
)
VALUES
(
    8,
    8
);

-- Columbus Blue Jackets
INSERT INTO arena
(
    id,
    name,
    team_id
)
VALUES
(
    9,
    'Nationwide Arena',
    9
);

-- Dallas Stars
INSERT INTO arena
(
    id,
    name,
    team_id
)
VALUES
(
    10,
    'American Airlines Center',
    10
);

-- Detroit Red Wings
INSERT INTO arena
(
    id,
    name,
    team_id
)
VALUES
(
    11,
    'Little Caesars Arena',
    11
);

-- Edmonton Oilers
INSERT INTO arena
(
    id,
    name,
    team_id
)
VALUES
(
    12,
    'Rogers Place',
    12
);

-- Florida Panthers
INSERT INTO arena
(
    id,
    name,
    team_id
)
VALUES
(
    13,
    'BB&T Center',
    13
);

-- Los Angeles Kings
INSERT INTO arena
(
    id,
    team_id
)
VALUES
(
    14,
    14
);

-- Minnesota Wild
INSERT INTO arena
(
    id,
    name,
    team_id
)
VALUES
(
    15,
    'Xcel Energy Center',
    15
);

-- Montreal Canadiens
INSERT INTO arena
(
    id,
    name,
    team_id
)
VALUES
(
    16,
    'Bell Centre',
    16
);

-- Nashville Predators
INSERT INTO arena
(
    id,
    name,
    team_id
)
VALUES
(
    17,
    'Bridgestone Arena',
    17
);

-- New Jersey Devils
INSERT INTO arena
(
    id,
    team_id
)
VALUES
(
    18,
    18
);

-- New York Islanders
INSERT INTO arena
(
    id,
    team_id
)
VALUES
(
    19,
    19
);

-- New York Rangers
INSERT INTO arena
(
    id,
    name,
    team_id
)
VALUES
(
    20,
    'Madison Square Garden',
    20
);

-- Ottawa Senators
INSERT INTO arena
(
    id,
    team_id
)
VALUES
(
    21,
    21
);

-- Philadelphia Flyers
INSERT INTO arena
(
    id,
    name,
    team_id
)
VALUES
(
    22,
    'Wells Fargo Center',
    22
);

-- Pittsburgh Penguins
INSERT INTO arena
(
    id,
    name,
    team_id
)
VALUES
(
    23,
    'PPG Paints Arena',
    23
);

-- San Jose Sharks
INSERT INTO arena
(
    id,
    name,
    team_id
)
VALUES
(
    24,
    'SAP Center',
    24
);

-- Seattle Kraken
INSERT INTO arena
(
    id,
    team_id
)
VALUES
(
    25,
    25
);

-- St. Louis Blues
INSERT INTO arena
(
    id,
    name,
    team_id
)
VALUES
(
    26,
    'Enterprise Center',
    26
);

-- Tampa Bay Lightning
INSERT INTO arena
(
    id,
    name,
    team_id
)
VALUES
(
    27,
    'Amalie Arena',
    27
);

-- Toronto Maple Leafs
INSERT INTO arena
(
    id,
    name,
    team_id
)
VALUES
(
    28,
    'Scotiabank Arena',
    28
);

-- Vancouver Canucks
INSERT INTO arena
(
    id,
    name,
    team_id
)
VALUES
(
    29,
    'Rogers Arena',
    29
);

-- Vegas Golden Knights
INSERT INTO arena
(
    id,
    name,
    team_id
)
VALUES
(
    30,
    'T-Mobile Arena',
    30
);

-- Washington Capitals
INSERT INTO arena
(
    id,
    name,
    team_id
)
VALUES
(
    31,
    'Capital One Arena',
    31
);

-- Winnipeg Jets
INSERT INTO arena
(
    id,
    team_id
)
VALUES
(
    32,
    32
);
